1	KLF4_MOUSE.H11MO.0.A	2	0.000226838	0.120451	0.0293237	7	CCCACCC	GCCACACCCACTCCA	-
